<?xml version="1.0" encoding="UTF-8"?>
<Pattern><Node tag="DIV" stateIndex="grayed" IsRoot="true"><Node tag="DIV" stateIndex="grayed"><Node tag="DIV" stateIndex="grayed"><Node tag="TEXT:Order_code" stateIndex="checked" regexpr=":(.*)"/></Node><Node tag="A" stateIndex="grayed"><Node tag="IMG" stateIndex="grayed"/></Node><Node tag="DIV" stateIndex="grayed"><Node tag="DIV" stateIndex="grayed"><Node tag="TEXT" stateIndex="grayed"/></Node></Node></Node><Node tag="DIV" stateIndex="grayed"><Node tag="svg" stateIndex="grayed_implied"><Node tag="defs" stateIndex="grayed"><Node tag="linearGradient" stateIndex="grayed"><Node tag="stop" stateIndex="grayed"/><Node tag="stop" stateIndex="grayed"/></Node></Node><Node tag="path" stateIndex="grayed"/></Node><Node tag="DIV" stateIndex="grayed"><Node tag="H5" stateIndex="grayed"><Node tag="A" stateIndex="grayed"><Node tag="TEXT:Name" stateIndex="checked"/></Node></Node><Node tag="TEXT" stateIndex="grayed_implied"/></Node><Node tag="DIV" stateIndex="grayed"><Node tag="DIV" stateIndex="grayed"><Node tag="DIV" stateIndex="grayed"><Node tag="TEXT:Price" stateIndex="checked" regexpr="Kč(.*)"/></Node></Node><Node tag="BUTTON" stateIndex="grayed"><Node tag="svg" stateIndex="grayed"><Node tag="use" stateIndex="grayed"/></Node><Node tag="TEXT" stateIndex="grayed"/><Node tag="svg" stateIndex="grayed"><Node tag="use" stateIndex="grayed"/></Node><Node tag="TEXT" stateIndex="grayed"/></Node></Node><Node tag="A" stateIndex="grayed_implied"><Node tag="TEXT" stateIndex="grayed"/></Node><Node tag="DIV" stateIndex="grayed_implied"><Node tag="A" stateIndex="grayed"><Node tag="svg" stateIndex="grayed"><Node tag="use" stateIndex="grayed"/></Node><Node tag="TEXT" stateIndex="grayed"/></Node><Node tag="TEXT:Availability" stateIndex="checked"/><Node tag="BR" stateIndex="grayed"/><Node tag="TEXT:Count" stateIndex="checked"/><Node tag="A" stateIndex="grayed"><Node tag="TEXT" stateIndex="grayed"/></Node></Node><Node tag="DIV" stateIndex="grayed"><Node tag="TEXT:Scecs" stateIndex="checked"/></Node><Node tag="DIV" stateIndex="grayed"><Node tag="TEXT:Description" stateIndex="checked"/></Node></Node><Node tag="A" stateIndex="grayed"/></Node></Pattern>
