<?xml version="1.0" encoding="UTF-8"?>
<Pattern><Node tag="TABLE" stateIndex="grayed" IsRoot="true"><Node tag="TBODY" stateIndex="grayed"><Node tag="TR" stateIndex="grayed"><Node tag="TD" stateIndex="grayed"><Node tag="IMG" stateIndex="grayed"/></Node><Node tag="TD" stateIndex="grayed"><Node tag="H4" stateIndex="grayed"><Node tag="A" stateIndex="grayed"><Node tag="TEXT" stateIndex="grayed"/></Node><Node tag="SUP" stateIndex="grayed"><Node tag="TEXT" stateIndex="grayed"/></Node></Node><Node tag="UL" stateIndex="grayed"><Node tag="LI" stateIndex="grayed_implied"><Node tag="A" stateIndex="grayed"><Node tag="SPAN" stateIndex="grayed"><Node tag="TEXT" stateIndex="grayed"/></Node></Node></Node></Node><Node tag="DIV" stateIndex="grayed"><Node tag="P" stateIndex="grayed"><Node tag="TEXT:Comment" stateIndex="checked"/></Node></Node><Node tag="DIV" stateIndex="grayed"><Node tag="DIV" stateIndex="grayed"><Node tag="SPAN" stateIndex="grayed"><Node tag="TEXT:Likes" stateIndex="checked"/></Node><Node tag="TEXT" stateIndex="grayed"/><Node tag="SPAN" stateIndex="grayed"><Node tag="TEXT:Dislikes" stateIndex="checked"/></Node></Node><Node tag="DIV" stateIndex="grayed"><Node tag="TEXT" stateIndex="grayed"/><Node tag="UL" stateIndex="grayed"><Node tag="LI" stateIndex="grayed"><Node tag="A" stateIndex="grayed"><Node tag="SPAN" stateIndex="grayed"/></Node></Node><Node tag="LI" stateIndex="grayed"><Node tag="A" stateIndex="grayed"><Node tag="SPAN" stateIndex="grayed"/></Node></Node></Node></Node><Node tag="DIV" stateIndex="grayed"><Node tag="TEXT:Date" stateIndex="checked"/></Node><Node tag="DIV" stateIndex="grayed"><Node tag="UL" stateIndex="grayed"><Node tag="LI" stateIndex="grayed"><Node tag="A" stateIndex="grayed"><Node tag="SPAN" stateIndex="grayed"/></Node></Node><Node tag="LI" stateIndex="grayed"><Node tag="A" stateIndex="grayed"><Node tag="SPAN" stateIndex="grayed"/></Node></Node></Node></Node></Node></Node></Node></Node></Node></Pattern>
