<?xml version="1.0" encoding="UTF-8"?>
<Pattern><Node tag="DIV" stateIndex="grayed" IsRoot="true"><Node tag="DIV" stateIndex="grayed"><Node tag="DIV" stateIndex="grayed"><Node tag="A" stateIndex="grayed"><Node tag="EM" stateIndex="grayed"><Node tag="IMG" stateIndex="grayed"/></Node></Node><Node tag="DIV" stateIndex="grayed_implied"><Node tag="DIV" stateIndex="grayed"><Node tag="IMG" stateIndex="grayed"/></Node><Node tag="DIV" stateIndex="grayed"><Node tag="IMG" stateIndex="grayed"/></Node><Node tag="DIV" stateIndex="grayed"><Node tag="IMG" stateIndex="grayed"/></Node></Node><Node tag="DIV" stateIndex="grayed"><Node tag="DIV" stateIndex="grayed"/></Node></Node><Node tag="DIV" stateIndex="grayed"><Node tag="DIV" stateIndex="grayed"><Node tag="DIV" stateIndex="grayed"><Node tag="DIV" stateIndex="grayed_implied"><Node tag="DIV" stateIndex="grayed"><Node tag="DIV" stateIndex="grayed"/><Node tag="DIV" stateIndex="grayed"/></Node></Node></Node><Node tag="DIV" stateIndex="grayed"/></Node><Node tag="A" stateIndex="grayed"><Node tag="TEXT:Name" stateIndex="checked"/></Node><Node tag="DIV" stateIndex="grayed"><Node tag="TEXT:Description" stateIndex="checked"/></Node><Node tag="P" stateIndex="grayed"/></Node></Node><Node tag="DIV" stateIndex="grayed"><Node tag="DIV" stateIndex="grayed"><Node tag="DIV" stateIndex="grayed"><Node tag="DIV" stateIndex="grayed"><Node tag="DIV" stateIndex="grayed_implied"><Node tag="TEXT" stateIndex="grayed"/></Node><Node tag="TEXT:Price" stateIndex="checked" regexpr="(.*),"/><Node tag="B" stateIndex="grayed_implied"><Node tag="TEXT" stateIndex="grayed"/></Node></Node><Node tag="DIV" stateIndex="grayed"><Node tag="DIV" stateIndex="grayed"><Node tag="A" stateIndex="grayed"><Node tag="TEXT" stateIndex="grayed"/></Node><Node tag="A" stateIndex="grayed"/></Node></Node></Node></Node><Node tag="DIV" stateIndex="grayed"><Node tag="TEXT:Availabilty" stateIndex="checked"/><Node tag="BR" stateIndex="grayed_implied"/><Node tag="DIV" stateIndex="grayed_implied"><Node tag="TEXT:Count" stateIndex="checked_implied"/></Node></Node><Node tag="DIV" stateIndex="grayed"><Node tag="TEXT:Order_code" stateIndex="checked" regexpr=":(.*)"/></Node><Node tag="INPUT" stateIndex="grayed"/><Node tag="INPUT" stateIndex="grayed"/><Node tag="INPUT" stateIndex="grayed_implied"/></Node></Node></Pattern>
